Feature,Importance
StockOptionLevel,0.0730371671041063
JobSatisfaction,0.06515292931564036
EnvironmentSatisfaction,0.05669797073385095
YearsWithCurrManager,0.05358668411169245
MonthlyIncome,0.050929544183499716
MonthlyRate,0.047155834963240946
TotalWorkingYears,0.04576770866638541
BusinessTravel,0.044930421462847744
HourlyRate,0.04422885054177184
JobInvolvement,0.043444724630104015
